Day,DateKey,WeekOfMonth,DayLabel
1,1,1,Day 1
2,2,1,Day 2
3,3,1,Day 3
4,4,1,Day 4
5,5,1,Day 5
6,6,1,Day 6
7,7,1,Day 7
8,8,2,Day 8
9,9,2,Day 9
10,10,2,Day 10
11,11,2,Day 11
12,12,2,Day 12
13,13,2,Day 13
14,14,2,Day 14
15,15,3,Day 15
16,16,3,Day 16
17,17,3,Day 17
18,18,3,Day 18
19,19,3,Day 19
20,20,3,Day 20
21,21,3,Day 21
22,22,4,Day 22
23,23,4,Day 23
24,24,4,Day 24
25,25,4,Day 25
26,26,4,Day 26
27,27,4,Day 27
28,28,4,Day 28
29,29,5,Day 29
30,30,5,Day 30
31,31,5,Day 31
32,32,5,Day 32
33,33,5,Day 33
34,34,5,Day 34
35,35,5,Day 35
36,36,6,Day 36
37,37,6,Day 37
38,38,6,Day 38
39,39,6,Day 39
40,40,6,Day 40
41,41,6,Day 41
42,42,6,Day 42
43,43,7,Day 43
44,44,7,Day 44
45,45,7,Day 45
46,46,7,Day 46
47,47,7,Day 47
48,48,7,Day 48
49,49,7,Day 49
50,50,8,Day 50
51,51,8,Day 51
52,52,8,Day 52
53,53,8,Day 53
54,54,8,Day 54
55,55,8,Day 55
56,56,8,Day 56
57,57,9,Day 57
58,58,9,Day 58
59,59,9,Day 59
60,60,9,Day 60
61,61,9,Day 61
62,62,9,Day 62
63,63,9,Day 63
64,64,10,Day 64
65,65,10,Day 65
66,66,10,Day 66
67,67,10,Day 67
68,68,10,Day 68
69,69,10,Day 69
70,70,10,Day 70
71,71,11,Day 71
72,72,11,Day 72
73,73,11,Day 73
74,74,11,Day 74
75,75,11,Day 75
76,76,11,Day 76
77,77,11,Day 77
78,78,12,Day 78
79,79,12,Day 79
80,80,12,Day 80
81,81,12,Day 81
82,82,12,Day 82
83,83,12,Day 83
84,84,12,Day 84
85,85,13,Day 85
86,86,13,Day 86
87,87,13,Day 87
88,88,13,Day 88
89,89,13,Day 89
90,90,13,Day 90
91,91,13,Day 91
92,92,14,Day 92
93,93,14,Day 93
94,94,14,Day 94
95,95,14,Day 95
96,96,14,Day 96
97,97,14,Day 97
98,98,14,Day 98
99,99,15,Day 99
100,100,15,Day 100
101,101,15,Day 101
102,102,15,Day 102
103,103,15,Day 103
104,104,15,Day 104
105,105,15,Day 105
106,106,16,Day 106
107,107,16,Day 107
108,108,16,Day 108
109,109,16,Day 109
110,110,16,Day 110
111,111,16,Day 111
112,112,16,Day 112
113,113,17,Day 113
114,114,17,Day 114
115,115,17,Day 115
116,116,17,Day 116
117,117,17,Day 117
118,118,17,Day 118
119,119,17,Day 119
120,120,18,Day 120
121,121,18,Day 121
122,122,18,Day 122
123,123,18,Day 123
124,124,18,Day 124
125,125,18,Day 125
126,126,18,Day 126
127,127,19,Day 127
128,128,19,Day 128
129,129,19,Day 129
130,130,19,Day 130
131,131,19,Day 131
132,132,19,Day 132
133,133,19,Day 133
134,134,20,Day 134
135,135,20,Day 135
136,136,20,Day 136
137,137,20,Day 137
138,138,20,Day 138
139,139,20,Day 139
140,140,20,Day 140
141,141,21,Day 141
142,142,21,Day 142
143,143,21,Day 143
144,144,21,Day 144
145,145,21,Day 145
146,146,21,Day 146
147,147,21,Day 147
148,148,22,Day 148
149,149,22,Day 149
150,150,22,Day 150
151,151,22,Day 151
152,152,22,Day 152
153,153,22,Day 153
154,154,22,Day 154
155,155,23,Day 155
156,156,23,Day 156
157,157,23,Day 157
158,158,23,Day 158
159,159,23,Day 159
160,160,23,Day 160
161,161,23,Day 161
162,162,24,Day 162
163,163,24,Day 163
164,164,24,Day 164
165,165,24,Day 165
166,166,24,Day 166
167,167,24,Day 167
168,168,24,Day 168
169,169,25,Day 169
170,170,25,Day 170
171,171,25,Day 171
172,172,25,Day 172
173,173,25,Day 173
174,174,25,Day 174
175,175,25,Day 175
176,176,26,Day 176
177,177,26,Day 177
178,178,26,Day 178
179,179,26,Day 179
180,180,26,Day 180
181,181,26,Day 181
182,182,26,Day 182
183,183,27,Day 183
184,184,27,Day 184
185,185,27,Day 185
186,186,27,Day 186
187,187,27,Day 187
188,188,27,Day 188
189,189,27,Day 189
190,190,28,Day 190
191,191,28,Day 191
192,192,28,Day 192
193,193,28,Day 193
194,194,28,Day 194
195,195,28,Day 195
196,196,28,Day 196
197,197,29,Day 197
198,198,29,Day 198
199,199,29,Day 199
200,200,29,Day 200
201,201,29,Day 201
202,202,29,Day 202
203,203,29,Day 203
204,204,30,Day 204
205,205,30,Day 205
206,206,30,Day 206
207,207,30,Day 207
208,208,30,Day 208
209,209,30,Day 209
210,210,30,Day 210
211,211,31,Day 211
212,212,31,Day 212
213,213,31,Day 213
214,214,31,Day 214
215,215,31,Day 215
216,216,31,Day 216
217,217,31,Day 217
218,218,32,Day 218
219,219,32,Day 219
220,220,32,Day 220
221,221,32,Day 221
222,222,32,Day 222
223,223,32,Day 223
224,224,32,Day 224
225,225,33,Day 225
226,226,33,Day 226
227,227,33,Day 227
228,228,33,Day 228
229,229,33,Day 229
230,230,33,Day 230
231,231,33,Day 231
232,232,34,Day 232
233,233,34,Day 233
234,234,34,Day 234
235,235,34,Day 235
236,236,34,Day 236
237,237,34,Day 237
238,238,34,Day 238
239,239,35,Day 239
240,240,35,Day 240
241,241,35,Day 241
242,242,35,Day 242
243,243,35,Day 243
244,244,35,Day 244
245,245,35,Day 245
246,246,36,Day 246
247,247,36,Day 247
248,248,36,Day 248
249,249,36,Day 249
250,250,36,Day 250
251,251,36,Day 251
252,252,36,Day 252
253,253,37,Day 253
254,254,37,Day 254
255,255,37,Day 255
256,256,37,Day 256
257,257,37,Day 257
258,258,37,Day 258
259,259,37,Day 259
260,260,38,Day 260
261,261,38,Day 261
262,262,38,Day 262
263,263,38,Day 263
264,264,38,Day 264
265,265,38,Day 265
266,266,38,Day 266
267,267,39,Day 267
268,268,39,Day 268
269,269,39,Day 269
270,270,39,Day 270
271,271,39,Day 271
272,272,39,Day 272
273,273,39,Day 273
274,274,40,Day 274
275,275,40,Day 275
276,276,40,Day 276
277,277,40,Day 277
278,278,40,Day 278
279,279,40,Day 279
280,280,40,Day 280
281,281,41,Day 281
282,282,41,Day 282
283,283,41,Day 283
284,284,41,Day 284
285,285,41,Day 285
286,286,41,Day 286
287,287,41,Day 287
288,288,42,Day 288
289,289,42,Day 289
290,290,42,Day 290
291,291,42,Day 291
292,292,42,Day 292
293,293,42,Day 293
294,294,42,Day 294
295,295,43,Day 295
296,296,43,Day 296
297,297,43,Day 297
298,298,43,Day 298
299,299,43,Day 299
300,300,43,Day 300
301,301,43,Day 301
302,302,44,Day 302
303,303,44,Day 303
304,304,44,Day 304
305,305,44,Day 305
306,306,44,Day 306
307,307,44,Day 307
308,308,44,Day 308
309,309,45,Day 309
310,310,45,Day 310
311,311,45,Day 311
312,312,45,Day 312
313,313,45,Day 313
314,314,45,Day 314
315,315,45,Day 315
316,316,46,Day 316
317,317,46,Day 317
318,318,46,Day 318
319,319,46,Day 319
320,320,46,Day 320
321,321,46,Day 321
322,322,46,Day 322
323,323,47,Day 323
324,324,47,Day 324
325,325,47,Day 325
326,326,47,Day 326
327,327,47,Day 327
328,328,47,Day 328
329,329,47,Day 329
330,330,48,Day 330
331,331,48,Day 331
332,332,48,Day 332
333,333,48,Day 333
334,334,48,Day 334
335,335,48,Day 335
336,336,48,Day 336
337,337,49,Day 337
338,338,49,Day 338
339,339,49,Day 339
340,340,49,Day 340
341,341,49,Day 341
342,342,49,Day 342
343,343,49,Day 343
344,344,50,Day 344
345,345,50,Day 345
346,346,50,Day 346
347,347,50,Day 347
348,348,50,Day 348
349,349,50,Day 349
350,350,50,Day 350
351,351,51,Day 351
352,352,51,Day 352
353,353,51,Day 353
354,354,51,Day 354
355,355,51,Day 355
356,356,51,Day 356
357,357,51,Day 357
358,358,52,Day 358
359,359,52,Day 359
360,360,52,Day 360
361,361,52,Day 361
362,362,52,Day 362
363,363,52,Day 363
364,364,52,Day 364
365,365,53,Day 365
366,366,53,Day 366
367,367,53,Day 367
368,368,53,Day 368
369,369,53,Day 369
370,370,53,Day 370
371,371,53,Day 371
372,372,54,Day 372
373,373,54,Day 373
374,374,54,Day 374
375,375,54,Day 375
376,376,54,Day 376
377,377,54,Day 377
378,378,54,Day 378
379,379,55,Day 379
380,380,55,Day 380
381,381,55,Day 381
382,382,55,Day 382
383,383,55,Day 383
384,384,55,Day 384
385,385,55,Day 385
386,386,56,Day 386
387,387,56,Day 387
388,388,56,Day 388
389,389,56,Day 389
390,390,56,Day 390
391,391,56,Day 391
392,392,56,Day 392
393,393,57,Day 393
394,394,57,Day 394
395,395,57,Day 395
396,396,57,Day 396
397,397,57,Day 397
398,398,57,Day 398
399,399,57,Day 399
400,400,58,Day 400
401,401,58,Day 401
402,402,58,Day 402
403,403,58,Day 403
404,404,58,Day 404
405,405,58,Day 405
406,406,58,Day 406
407,407,59,Day 407
408,408,59,Day 408
409,409,59,Day 409
410,410,59,Day 410
411,411,59,Day 411
412,412,59,Day 412
413,413,59,Day 413
414,414,60,Day 414
415,415,60,Day 415
416,416,60,Day 416
417,417,60,Day 417
418,418,60,Day 418
419,419,60,Day 419
420,420,60,Day 420
421,421,61,Day 421
422,422,61,Day 422
423,423,61,Day 423
424,424,61,Day 424
425,425,61,Day 425
426,426,61,Day 426
427,427,61,Day 427
428,428,62,Day 428
429,429,62,Day 429
430,430,62,Day 430
431,431,62,Day 431
432,432,62,Day 432
433,433,62,Day 433
434,434,62,Day 434
435,435,63,Day 435
436,436,63,Day 436
437,437,63,Day 437
438,438,63,Day 438
439,439,63,Day 439
440,440,63,Day 440
441,441,63,Day 441
442,442,64,Day 442
443,443,64,Day 443
444,444,64,Day 444
445,445,64,Day 445
446,446,64,Day 446
447,447,64,Day 447
448,448,64,Day 448
449,449,65,Day 449
450,450,65,Day 450
451,451,65,Day 451
452,452,65,Day 452
453,453,65,Day 453
454,454,65,Day 454
455,455,65,Day 455
456,456,66,Day 456
457,457,66,Day 457
458,458,66,Day 458
459,459,66,Day 459
460,460,66,Day 460
461,461,66,Day 461
462,462,66,Day 462
463,463,67,Day 463
464,464,67,Day 464
465,465,67,Day 465
466,466,67,Day 466
467,467,67,Day 467
468,468,67,Day 468
469,469,67,Day 469
470,470,68,Day 470
471,471,68,Day 471
472,472,68,Day 472
473,473,68,Day 473
474,474,68,Day 474
475,475,68,Day 475
476,476,68,Day 476
477,477,69,Day 477
478,478,69,Day 478
479,479,69,Day 479
480,480,69,Day 480
481,481,69,Day 481
482,482,69,Day 482
483,483,69,Day 483
484,484,70,Day 484
485,485,70,Day 485
486,486,70,Day 486
487,487,70,Day 487
488,488,70,Day 488
489,489,70,Day 489
490,490,70,Day 490
491,491,71,Day 491
492,492,71,Day 492
493,493,71,Day 493
494,494,71,Day 494
495,495,71,Day 495
496,496,71,Day 496
497,497,71,Day 497
498,498,72,Day 498
499,499,72,Day 499
500,500,72,Day 500
501,501,72,Day 501
502,502,72,Day 502
503,503,72,Day 503
504,504,72,Day 504
505,505,73,Day 505
506,506,73,Day 506
507,507,73,Day 507
508,508,73,Day 508
509,509,73,Day 509
510,510,73,Day 510
511,511,73,Day 511
512,512,74,Day 512
513,513,74,Day 513
514,514,74,Day 514
515,515,74,Day 515
516,516,74,Day 516
517,517,74,Day 517
518,518,74,Day 518
519,519,75,Day 519
520,520,75,Day 520
521,521,75,Day 521
522,522,75,Day 522
523,523,75,Day 523
524,524,75,Day 524
525,525,75,Day 525
526,526,76,Day 526
527,527,76,Day 527
528,528,76,Day 528
529,529,76,Day 529
530,530,76,Day 530
531,531,76,Day 531
532,532,76,Day 532
533,533,77,Day 533
534,534,77,Day 534
535,535,77,Day 535
536,536,77,Day 536
537,537,77,Day 537
538,538,77,Day 538
539,539,77,Day 539
540,540,78,Day 540
541,541,78,Day 541
542,542,78,Day 542
543,543,78,Day 543
544,544,78,Day 544
545,545,78,Day 545
546,546,78,Day 546
547,547,79,Day 547
548,548,79,Day 548
549,549,79,Day 549
550,550,79,Day 550
551,551,79,Day 551
552,552,79,Day 552
553,553,79,Day 553
554,554,80,Day 554
555,555,80,Day 555
556,556,80,Day 556
557,557,80,Day 557
558,558,80,Day 558
559,559,80,Day 559
560,560,80,Day 560
561,561,81,Day 561
562,562,81,Day 562
563,563,81,Day 563
564,564,81,Day 564
565,565,81,Day 565
566,566,81,Day 566
567,567,81,Day 567
568,568,82,Day 568
569,569,82,Day 569
570,570,82,Day 570
571,571,82,Day 571
572,572,82,Day 572
573,573,82,Day 573
574,574,82,Day 574
575,575,83,Day 575
576,576,83,Day 576
577,577,83,Day 577
578,578,83,Day 578
579,579,83,Day 579
580,580,83,Day 580
581,581,83,Day 581
582,582,84,Day 582
583,583,84,Day 583
584,584,84,Day 584
585,585,84,Day 585
586,586,84,Day 586
587,587,84,Day 587
588,588,84,Day 588
589,589,85,Day 589
590,590,85,Day 590
591,591,85,Day 591
592,592,85,Day 592
593,593,85,Day 593
594,594,85,Day 594
595,595,85,Day 595
596,596,86,Day 596
597,597,86,Day 597
598,598,86,Day 598
599,599,86,Day 599
600,600,86,Day 600
601,601,86,Day 601
602,602,86,Day 602
603,603,87,Day 603
604,604,87,Day 604
605,605,87,Day 605
606,606,87,Day 606
607,607,87,Day 607
608,608,87,Day 608
609,609,87,Day 609
610,610,88,Day 610
611,611,88,Day 611
612,612,88,Day 612
613,613,88,Day 613
614,614,88,Day 614
615,615,88,Day 615
616,616,88,Day 616
617,617,89,Day 617
618,618,89,Day 618
619,619,89,Day 619
620,620,89,Day 620
621,621,89,Day 621
622,622,89,Day 622
623,623,89,Day 623
624,624,90,Day 624
625,625,90,Day 625
626,626,90,Day 626
627,627,90,Day 627
628,628,90,Day 628
629,629,90,Day 629
630,630,90,Day 630
631,631,91,Day 631
632,632,91,Day 632
633,633,91,Day 633
634,634,91,Day 634
635,635,91,Day 635
636,636,91,Day 636
637,637,91,Day 637
638,638,92,Day 638
639,639,92,Day 639
640,640,92,Day 640
641,641,92,Day 641
642,642,92,Day 642
643,643,92,Day 643
644,644,92,Day 644
645,645,93,Day 645
646,646,93,Day 646
647,647,93,Day 647
648,648,93,Day 648
649,649,93,Day 649
650,650,93,Day 650
651,651,93,Day 651
652,652,94,Day 652
653,653,94,Day 653
654,654,94,Day 654
655,655,94,Day 655
656,656,94,Day 656
657,657,94,Day 657
658,658,94,Day 658
659,659,95,Day 659
660,660,95,Day 660
661,661,95,Day 661
662,662,95,Day 662
663,663,95,Day 663
664,664,95,Day 664
665,665,95,Day 665
666,666,96,Day 666
667,667,96,Day 667
668,668,96,Day 668
669,669,96,Day 669
670,670,96,Day 670
671,671,96,Day 671
672,672,96,Day 672
673,673,97,Day 673
674,674,97,Day 674
675,675,97,Day 675
676,676,97,Day 676
677,677,97,Day 677
678,678,97,Day 678
679,679,97,Day 679
680,680,98,Day 680
681,681,98,Day 681
682,682,98,Day 682
683,683,98,Day 683
684,684,98,Day 684
685,685,98,Day 685
686,686,98,Day 686
687,687,99,Day 687
688,688,99,Day 688
689,689,99,Day 689
690,690,99,Day 690
691,691,99,Day 691
692,692,99,Day 692
693,693,99,Day 693
694,694,100,Day 694
695,695,100,Day 695
696,696,100,Day 696
697,697,100,Day 697
698,698,100,Day 698
699,699,100,Day 699
700,700,100,Day 700
701,701,101,Day 701
702,702,101,Day 702
703,703,101,Day 703
704,704,101,Day 704
705,705,101,Day 705
706,706,101,Day 706
707,707,101,Day 707
708,708,102,Day 708
709,709,102,Day 709
710,710,102,Day 710
711,711,102,Day 711
712,712,102,Day 712
713,713,102,Day 713
714,714,102,Day 714
715,715,103,Day 715
716,716,103,Day 716
717,717,103,Day 717
718,718,103,Day 718
719,719,103,Day 719
720,720,103,Day 720
721,721,103,Day 721
722,722,104,Day 722
723,723,104,Day 723
724,724,104,Day 724
725,725,104,Day 725
726,726,104,Day 726
727,727,104,Day 727
728,728,104,Day 728
729,729,105,Day 729
730,730,105,Day 730
